study_id,pmid,first_author_year,journal,title,design_type,IV_selection_strategy,reports_overlap_risk
S168,37940997,Dai H_2023,Cardiovasc Diabetol,"Roles of gut microbiota in atrial fibrillation: insights from Mendelian randomization analysis and genetic data from over 430,000 cohort study participants.",两步法MR中介,分开选IV,是
S235,39156235,Chen H_2024,Sex Med,Association of serum uric acid with male sexual hormones and erectile dysfunction: a bidirectional 2-sample Mendelian randomization analysis.,两步法MR中介,MVMR联合估计,否
S351,40452205,,,Genetic analysis of the correlation between GLP1 action and metabolic liver disease: Insights from Mendelian randomization analysis.,两步法MR中介,MVMR联合估计,是
S236,39193563,,,Cardiometabolic traits mediating the effect of education on the risk of DKD and CKD: a Mendelian randomization study.,两步法MR中介,MVMR联合估计,是
S406,41036025,Chen C_2025,Health Sci Rep,Perturbation of Circulating Inflammatory Proteins Mediates the Relationship Between Cholecystectomy and Nonalcoholic Fatty Liver Disease: A Multivariate and Mediation Mendelian Randomization Study.,两步法MR中介,MVMR联合估计,否
S255,39351228,Zhuang X_2024,Front Immunol,"Causal pathways in lymphoid leukemia: the gut microbiota, immune cells, and serum metabolites.",两步法MR中介,分开选IV,否
S280,39578729,Lou J_2024,J Headache Pain,Plasma pQTL and brain eQTL integration identifies PNKP as a therapeutic target and reveals mechanistic insights into migraine pathophysiology.,两步法MR中介,分开选IV,否
S355,40487248,Wang C_2025,Am J Prev Cardiol,"Causal relationship between physical activity, sleep duration, sedentary behavior, and hypertension: A Mendelian randomisation study.",两步法MR中介,分开选IV,部分
S364,40576426,,,Inflammatory Proteins Mediate the Effect of Gut Microbiota on Graves' Ophthalmopathy: A Mendelian Randomization Study.,两步法MR中介,分开选IV,部分
S349,40428280,Xiao J_2025,Diagnostics (Basel),Immune Cells as Mediators of Lipidome Influence on Osteoporosis: Evidence from a Mediation Analysis.,两步法MR中介,分开选IV,部分
S318,40121389,Guo J_2025,Discov Oncol,"Gut microbiome, dietary habits, and prostate cancer: a two-step Mendelian randomization revealing the causal associations.",两步法MR中介,分开选IV,否
S352,40464192,Sun Y_2025,J Cell Mol Med,Novel High-Resolution Lipidomes Could Serve as New Biomarkers for Diabetic Retinopathy: A Bidirectional and Mediated Mendelian Randomization Study.,两步法MR中介,分开选IV,否
S348,40419887,Xiao F_2025,Medicine (Baltimore),Immunological mediators in the causal relationship between latent autoimmune diabetes in adults and breast cancer: A Mendelian randomization analysis.,两步法MR中介,分开选IV,是
S384,40779097,Tan S_2025,Discov Oncol,Multi-omics insights into Palmitoylation-mediated brain network remodeling and glioblastoma risk.,两步法MR中介,分开选IV,否
S234,39148834,,,The role of the gluteofemoral adipose tissue in cerebrovascular disease risk: evidence from a mendelian randomization and mediation analysis.,两步法MR中介,分开选IV,是
S390,40847468,Liu WH_2025,Brain Behav,Mendelian Randomization Analysis Reveal the Role of Circulating Inflammatory Proteins in Mediating Functional Brain Networks and Peripheral Neuropathic Pain Effects.,两步法MR中介,分开选IV,否
S334,40230199,Yao YX_2025,Ren Fail,"Glucagon-like peptide-1 receptor agonists, inflammation, and kidney diseases: evidence from Mendelian randomization.",两步法MR中介,分开选IV,否
S387,40822850,,,Immunocytes Mediate the Effects of Gut Microbiome on Inflammatory Bowel Disease: Insights From a Mendelian Randomization Study.,两步法MR中介,分开选IV,是
S354,40482012,Xiao S_2025,Int J Gynaecol Obstet,Lipid metabolism and inflammation as key drivers in preterm birth: A comprehensive analysis.,两步法MR中介,分开选IV,否
S321,40141382,Xiang L_2025,Int J Mol Sci,Impact of Glucagon-like Peptide-1 Receptor Agonists on Mental Illness: Evidence from a Mendelian Randomization Study.,两步法MR中介,分开选IV,否
S150,37082118,Du Y_2023,Front Endocrinol (Lausanne),Roles of sex hormones in mediating the causal effect of vitamin D on osteoporosis: A two-step Mendelian randomization study.,两步法MR中介,分开选IV,否
S005,36225867,Causal relationship between tea intake and cardiovascular diseases: A Mendelian ,Front Nutr,,两步法MR中介,分开选IV,是
S471,41760004,Li JA_2026,Medicine (Baltimore),Immune cells mediated the causal relationship between gut microbiota and carpal tunnel syndrome: A Mendelian randomization study.,两步法MR中介,分开选IV,部分
S046,40714123,Mediating role of thyroid dysfunction in the relationship between insomnia and o,Exp Gerontol,,两步法MR中介,分开选IV,是
S057,41449282,The role of metabolites in the causal effect of immune cell phenotypes on immuno,Discov Oncol,,两步法MR中介,分开选IV,否
S208,38863926,Yang S_2024,Front Endocrinol (Lausanne),The association between telomere length and blood lipids: a bidirectional two-sample Mendelian randomization study.,两步法MR中介,分开选IV,否
S053,41031338,Beyond BMI: A Mendelian Randomization Study of the Causal Effects and Mediating ,Int J Womens Health,Beyond BMI: A Mendelian Randomization Study of the Causal Effects and Mediating Pathways of Regional Adipose Tissue Depots on Polycystic Ovary Syndrome.,两步法MR中介,分开选IV,是
S421,41224763,,,Genetic underpinnings and causal effects of brain structure and function on chronic pain intensity.,两步法MR中介,分开选IV,是
S009,37764718,"Causal Link between Gut Microbiota, Neurophysiological States, and Bone Diseases",Nutrients,,两步法MR中介,分开选IV,部分
S494,41988095,Wen X_2026,Clin Cosmet Investig Dermatol,Causal Effects of Diet on Atopic Dermatitis: A Mendelian Randomization Study Implicating Lipid Pathways and Clinical Implications.,两步法MR中介,分开选IV,是
S433,41311633,Wang Y_2025,Food Sci Nutr,Mendelian Randomization Mediation Analysis Reveals the Impact of Dietary Preferences on Preeclampsia and Fetal Growth Restriction via Immune Modulation.,两步法MR中介,分开选IV,是
S492,41978582,Zhang Z_2026,Int J Chron Obstruct Pulmon Dis,Pulmonary-Intestinal Axis: Shared Genetic Basis and Mediating Factors Identified Through Multi-Omics Analysis.,两步法MR中介,分开选IV,是
S230,39127978,Cao Z_2024,Inflammopharmacology,Genetic proxies for therapy of insulin drug targets and risk of osteoarthritis: a drug-target Mendelian randomization analysis.,两步法MR中介,分开选IV,是
S097,41804832,Integrating NHANES and network toxicology to assess the impact of organophosphat,Toxicol Mech Methods,,两步法MR中介,无法判断,否
S404,40988251,Xu XC_2025,Medicine (Baltimore),Genetically proxied glucagon-like peptide-1 receptor agonist is associated with risk of tubulo-interstitial nephritis: A network Mendelian randomization study.,两步法MR中介,分开选IV,部分
S167,37856513,Huang Q_2023,PLoS One,The associations of alcoholic liver disease and nonalcoholic fatty liver disease with bone mineral density and the mediation of serum 25-Hydroxyvitamin D: A bidirectional and two-step Mendelian randomization.,两步法MR中介,分开选IV,否
S391,40859490,Zhong C_2025,Medicine (Baltimore),Will diabetes mellitus induce aplastic anemia by immune factors?: A two-sample and mediation Mendelian randomization study.,两步法MR中介,分开选IV,否
S394,40917734,,,The Impact of Age at First Sexual Intercourse on Female Reproductive Disorders: A Mendelian Randomized Study.,两步法MR中介,分开选IV,是
S399,40947455,Wu Z_2025,Discov Oncol,Identifying potential therapeutic targets for prostate cancer with mediating role in tumor immunity.,两步法MR中介,分开选IV,部分
S441,41377938,Hu Z_2025,Front Endocrinol (Lausanne),Morning cortisol as an indicator of arterial stiffness in patients with type 2 diabetes: prospective cohort study and Mendelian randomization study.,两步法MR中介,分开选IV,否
S479,41836545,Zhang S_2026,J Orthop Translat,Causal neurodevelopmental origins of scoliosis: Multi-omics Mendelian randomization reveals brain-region-specific pathways and protein mediators.,两步法MR中介,分开选IV,部分
S044,41257998,Decreased diffusivity along the perivascular spaces in bipolar disorder: an MRI-,Transl Psychiatry,,两步法MR中介,分开选IV,否
S311,40065519,Wang X_2025,J Biomed Res,"Bidirectional Mendelian randomization and mediation analysis of million-scale data reveal causal relationships between thyroid-related phenotypes, smoking, and lung cancer.",两步法MR中介,分开选IV,部分
S049,40922267,Plasma metabolites mediate the effects of circulating immune cell phenotypes on ,Medicine (Baltimore),,两步法MR中介,分开选IV,否
S454,41560095,Li W_2026,Medicine (Baltimore),"Gut microbiota, lipid metabolism, and PCOS: A Mendelian randomization and mediation analysis.",两步法MR中介,分开选IV,否
S449,41469306,Lee JY_2026,Neurotherapeutics,Repurposing dipeptidyl peptidase-4 inhibitor for Parkinson's disease prevention: A drug-target Mendelian randomization study.,两步法MR中介,分开选IV,部分
S210,38903760,Liu MM_2024,Front Genet,A causal association between lipid-lowering medications and rotator cuff syndrome: a drug-targeted mendelian randomization study.,两步法MR中介,分开选IV,否
S520,42278567,Wang X_2026,Int J Mol Sci,From Pathway Tracing to Actionable Targets: Integrative Mendelian Randomization and Experimental Triangulation Map Metabolic Pathways Across Ovarian Cancer Histotypes.,两步法MR中介,分开选IV,是
S423,41234001,,,Association between neuroticism and brain-wide structural outcomes: Mediation by vascular and mental conditions.,两步法MR中介,分开选IV,是
S070,41151745,"Effect of the plasma lipidome, immune cells, inflammatory proteins, gut microbio",Brain Res,,两步法MR中介,分开选IV,否
