strength,n_shared,ratio_naive_over_sd,ratio_corr_over_sd,k,lam_naive,power_naive_at80,power_drop,N_multiplier,extra_pct
strong F~90,0,1.0150367092999177,1.018444480638032,0.9966539449102033,2.8109909495741947,0.8026237296655838,-0.002623729665583774,0.9933190859050706,-0.6680914094929435
strong F~90,10,1.072648903040501,1.0188961869721225,1.0527558320029804,2.661191829894387,0.7584214904015473,0.04157850959845277,1.1082948418162875,10.829484181628747
strong F~90,25,1.158330303074909,1.0177990201197513,1.1380737062790875,2.4616904894145515,0.692074938427995,0.1079250615720051,1.2952117609238187,29.52117609238187
strong F~90,50,1.3947066198594462,1.015337050046118,1.3736390490193346,2.0395352192412566,0.5317426011300194,0.2682573988699807,1.8868842369907421,88.68842369907422
v.strong F~1000,0,0.9986275566841591,1.0016975833508193,0.9969351761273193,2.8101979808586943,0.802403418109684,-0.002403418109683919,0.9938797454000091,-0.6120254599990882
v.strong F~1000,10,1.0591404939223341,1.0018497059350735,1.0571850125301863,2.650042505138148,0.7549296081560102,0.045070391843989865,1.1176401507184501,11.764015071845012
v.strong F~1000,25,1.1507314205435335,1.0016424609125623,1.1488444883767621,2.438611358930264,0.6839106931044251,0.11608930689557495,1.3198436584736644,31.984365847366437
v.strong F~1000,50,1.4214122860084442,1.0010404596430331,1.4199349010481692,1.9730377899239762,0.5052574907811911,0.29474250921880896,2.016215123214674,101.62151232146739
weak F~10,0,1.1640498684893545,1.167229501337525,0.997275914595607,2.8092378227504224,0.8021364572400087,-0.00213645724000866,0.9945592498325045,-0.5440750167495456
weak F~10,10,1.1957097653683055,1.16846751405399,1.0233145132292114,2.7377557757479734,0.7816554312584127,0.018344568741587297,1.047172592985538,4.7172592985538
weak F~10,25,1.2405210229531272,1.170983385106639,1.0593839662722078,2.6445418358164345,0.7531968933539017,0.046803106646098325,1.1222943879946343,12.229438799463432
weak F~10,50,1.3284963913166095,1.173864915672953,1.1317285094554592,2.475492307203612,0.6969126521027108,0.10308734789728924,1.2808094191142754,28.080941911427537
