strength,n_shared,beta,alpha_beta,mu_X,F_per_SNP,F_mediator,var_alpha,var_beta,cov_ab,se_naive,se_corr,dSE_pct,sd_empirical,ratio_corr_over_sd,ratio_naive_over_sd,bias,bias_over_sd,cov95_naive,cov95_corr,cov95_naive_centered,cov95_corr_centered,balance_ratio
weak F~10,0,0.5,0.25,0.01,10.0,2.5,0.0020228643717084688,0.006159258582290756,3.679533784684005e-05,0.04522754402462957,0.04543047883770571,0.448697397686737,0.0399598556937221,1.1369029754740347,1.1318245083586487,-0.0819369173518868,-2.0504808120405578,0.548,0.553,0.971,0.971,0.573
weak F~10,0,1.0,0.5,0.01,10.0,2.5,0.0020228643717084688,0.00815112894342629,5.1584515568178014e-05,0.06372320305481388,0.06412668027532081,0.6331715939637661,0.0535726376567217,1.1970043492393716,1.1894729444373102,-0.163148570403075,-3.0453712480704214,0.231,0.233,0.98,0.981,0.996
weak F~10,0,-0.5,-0.25,0.01,10.0,2.5,0.0020228643717084688,0.006276879097235424,7.2169824041641895e-06,0.04555146394174366,0.045511837757158204,-0.08699212090337305,0.040009757814095964,1.1375184515894217,1.1385088645974077,0.08048638875048947,2.011668981463643,0.569,0.568,0.975,0.975,0.568
weak F~10,0,-1.0,-0.5,0.01,10.0,2.5,0.0020228643717084688,0.008386369973315624,-7.572195317173559e-06,0.06418299513919068,0.06424195716472646,0.09186549397999233,0.05364707645396375,1.1974922290472718,1.1963931565640513,0.16169804180167768,3.014107244789674,0.24,0.24,0.982,0.982,0.982
weak F~10,10,0.5,0.25,0.01,10.0,2.5,0.002012148057293845,0.006421628376417643,-0.0002033745697215057,0.04591779729503444,0.044796839437254043,-2.441227419028691,0.03942087920077288,1.1363734230558653,1.1648090612381414,-0.08202765976558285,-2.080817613118447,0.568,0.545,0.977,0.974,0.56
weak F~10,10,1.0,0.5,0.01,10.0,2.5,0.002012148057293845,0.008463798439475641,-0.00032551750567975447,0.06425027367383547,0.06166506435156782,-4.023654958096179,0.05144734522799201,1.1986053717309488,1.248854987348842,-0.16339338534316994,-3.175934241486753,0.224,0.197,0.983,0.979,0.975
weak F~10,10,-0.5,-0.25,0.01,10.0,2.5,0.002012148057293845,0.0063426500327802724,4.0911302194991926e-05,0.04570229231142055,0.045477949287770596,-0.4908791491710196,0.03992544388276509,1.1390718515568565,1.1446909005099175,0.0807037913895913,2.021362408056515,0.568,0.563,0.976,0.975,0.563
weak F~10,10,-1.0,-0.5,0.01,10.0,2.5,0.002012148057293845,0.0083058417522009,0.00016305423815324088,0.06394222779465907,0.06265424372850437,-2.0142933872915214,0.052219728413272944,1.1998194098722894,1.2244841123763208,0.16206951696717836,3.103607044535765,0.232,0.217,0.981,0.979,0.984
weak F~10,25,0.5,0.25,0.01,10.0,2.5,0.002098671323681791,0.00612041126018778,-0.00027851533151096626,0.04532957804753308,0.04376657377739215,-3.4480891670819136,0.038442295125756656,1.138500540465082,1.1791589939998635,-0.08148948357061658,-2.11978715901429,0.565,0.535,0.977,0.971,0.586
weak F~10,25,1.0,0.5,0.01,10.0,2.5,0.002098671323681791,0.008173218665699419,-0.0005728253166412475,0.06435818510575515,0.05974236916515278,-7.1720728808892575,0.04964414191790195,1.203412262900033,1.2963903215848964,-0.16270562215344853,-3.2774385026640167,0.225,0.173,0.99,0.982,1.013
weak F~10,25,-0.5,-0.25,0.01,10.0,2.5,0.002098671323681791,0.006110579942942832,0.00031010463874959544,0.04530245927823517,0.043557553848688035,-3.851679262775576,0.03826790932175421,1.1382266400408452,1.183823733283543,0.08094279359504725,2.1151611109581467,0.574,0.539,0.978,0.972,0.586
weak F~10,25,-1.0,-0.5,0.01,10.0,2.5,0.002098671323681791,0.008153556031209522,0.0006044146238798761,0.06431998392011748,0.059436064031901506,-7.593160928462894,0.04937394541060342,1.2037940970205951,1.3027110429442061,0.16215893217787924,3.284301686432667,0.22,0.17,0.985,0.977,1.015
weak F~10,50,0.5,0.25,0.01,10.0,2.5,0.002181820814278566,0.006082642109123936,-0.0005257202237796135,0.045454545766629606,0.04246475737550868,-6.577534415305664,0.03723393470124675,1.1404853587522346,1.22078276527427,-0.08142279381696493,-2.1867899396149113,0.572,0.504,0.984,0.975,0.599
weak F~10,50,1.0,0.5,0.01,10.0,2.5,0.002181820814278566,0.008111320909813794,-0.0011180275541331163,0.06488182366219382,0.055602369442307925,-14.302086002081605,0.045947165714700255,1.21013709066539,1.4120963209148643,-0.16240637453424428,-3.5346331380410754,0.22,0.125,0.994,0.981,1.037
weak F~10,50,-0.5,-0.25,0.01,10.0,2.5,0.002181820814278566,0.006080261152367387,0.0006588944369273919,0.04544799766393992,0.041666212609232825,-8.321125790119687,0.03665713906431482,1.1366466034386808,1.2398130029788077,0.08054436761759379,2.197235509194511,0.587,0.51,0.985,0.974,0.599
weak F~10,50,-1.0,-0.5,0.01,10.0,2.5,0.002181820814278566,0.008106558996300695,0.0012512017672808948,0.0648726488079047,0.05438068403461697,-16.173171538525644,0.045010020432140925,1.2081906098355069,1.4412934760984957,0.16152794833487316,3.5887108422534437,0.224,0.109,0.995,0.984,1.038
strong F~90,0,0.5,0.25,0.03,90.0,22.5,0.000249747965059194,0.0009591754311792474,8.391637271153526e-06,0.017384787863520518,0.017505046920679394,0.6917487754407592,0.01723363851347144,1.015748758278514,1.0087706000059664,-0.012304915399722421,-0.7140056576040942,0.9,0.902,0.95,0.952,0.51
strong F~90,0,1.0,0.5,0.03,90.0,22.5,0.000249747965059194,0.0014728073834726224,1.1165026838028789e-05,0.024858596318524294,0.02508216174426316,0.8993485507959642,0.024559662063475454,1.0212747097023276,1.0121717576681728,-0.02424947052315507,-0.9873698775040682,0.839,0.844,0.953,0.954,0.824
strong F~90,0,-0.5,-0.25,0.03,90.0,22.5,0.000249747965059194,0.0009627961784199709,2.8448581374029663e-06,0.01741080227530573,0.017369905204148058,-0.23489481134179035,0.01710358553023117,1.0155709850104915,1.0179621252240674,0.011584194847142959,0.6772962795822841,0.906,0.905,0.954,0.953,0.509
strong F~90,0,-1.0,-0.5,0.03,90.0,22.5,0.000249747965059194,0.0014800488779540691,7.146857052770555e-08,0.024894983120052748,0.024893547677604808,-0.005765990846506863,0.024377154957582088,1.0211834695607949,1.0212423543014644,0.023528749970575635,0.9651967184651886,0.849,0.849,0.953,0.953,0.822
strong F~90,10,0.5,0.25,0.03,90.0,22.5,0.0002524063440645617,0.000994676653762332,-5.172352003116264e-05,0.017657031162025043,0.01690884352760833,-4.237335413587761,0.01664592550367946,1.015794737509233,1.0607419309981942,-0.012242805375312915,-0.7354836096440976,0.912,0.898,0.963,0.954,0.504
strong F~90,10,1.0,0.5,0.03,90.0,22.5,0.0002524063440645617,0.0015321765271849098,-9.207891863405935e-05,0.02520814304665834,0.023310331555486934,-7.528565224573269,0.022817971890263838,1.0215777137245567,1.1047495004327865,-0.024235297311850645,-1.0621144345519842,0.869,0.828,0.968,0.954,0.812
strong F~90,10,-0.5,-0.25,0.03,90.0,22.5,0.0002524063440645617,0.000972609589733025,2.8987277174630726e-05,0.01750011381246981,0.01708099367314681,-2.3949566489353757,0.01680769904189195,1.016260085962611,1.0411962856338675,0.011742178497762545,0.6986190357464178,0.908,0.9,0.957,0.953,0.509
strong F~90,10,-1.0,-0.5,0.03,90.0,22.5,0.0002524063440645617,0.001488042399126296,6.934267577752742e-05,0.024988336156017584,0.023560014178022226,-5.715954712140348,0.0230539294612092,1.021952210692089,1.0839078950971563,0.02373467043430033,1.0295281971013468,0.859,0.832,0.964,0.95,0.824
strong F~90,25,0.5,0.25,0.03,90.0,22.5,0.00025732781297432513,0.0009862124692284634,-9.544527969640204e-05,0.017631933261860345,0.016222281920324776,-7.9948767988181295,0.015985769703852456,1.0147951722596955,1.1029768092812682,-0.012076973177110373,-0.7554827450191471,0.921,0.888,0.967,0.952,0.511
strong F~90,25,1.0,0.5,0.03,90.0,22.5,0.00025732781297432513,0.0015394648715053678,-0.0001901902987398604,0.025341547522806634,0.021260379397151093,-16.104652338151848,0.02082910659599887,1.0207052952158338,1.2166411173715235,-0.0239843629386306,-1.1514830378388785,0.89,0.796,0.983,0.951,0.818
strong F~90,25,-0.5,-0.25,0.03,90.0,22.5,0.00025732781297432513,0.0009964229245252498,9.404475839051462e-05,0.017704171383459148,0.016322233461742802,-7.805719295100577,0.01608223260239181,1.0149233545667844,1.1008528368645856,0.011737806345930163,0.7298617447048038,0.919,0.891,0.966,0.95,0.508
strong F~90,25,-1.0,-0.5,0.03,90.0,22.5,0.00025732781297432513,0.0015598857820989403,0.000188789777433973,0.025442076536695276,0.02141283449394515,-15.836922890074334,0.020977092898996696,1.020772258436692,1.2128504487822587,0.02364519610745036,1.1271912758026292,0.899,0.815,0.977,0.951,0.812
strong F~90,50,0.5,0.25,0.03,90.0,22.5,0.00026502581112751683,0.0009594906310172901,-0.00017596089936198326,0.017496545674395327,0.014769856494062835,-15.584157187797153,0.014578946073786929,1.0130949397377336,1.200124178101891,-0.012146670849509794,-0.8331652225087528,0.939,0.875,0.982,0.956,0.526
strong F~90,50,1.0,0.5,0.03,90.0,22.5,0.00026502581112751683,0.0015035753013179672,-0.0003638730723146372,0.02531639066804367,0.016644715802391203,-34.25320370252673,0.016337536876957257,1.018802034097759,1.5495843013979875,-0.023966156493998858,-1.4669381727793458,0.946,0.695,0.996,0.958,0.84
strong F~90,50,-0.5,-0.25,0.03,90.0,22.5,0.00026502581112751683,0.000978958893913894,0.00019986344654332464,0.017635083676023563,0.014528057440301176,-17.618437727895,0.014355104405005663,1.0120481906934236,1.228488708857747,0.011492300439468361,0.8005724037409973,0.942,0.877,0.984,0.953,0.52
strong F~90,50,-1.0,-0.5,0.03,90.0,22.5,0.00026502581112751683,0.001542511827111175,0.00038777561949597875,0.025507915789129275,0.016213517459494464,-36.437309917715076,0.015936179558425842,1.0174030356555557,1.600629291080159,0.023311786083957398,1.4628214998764804,0.949,0.703,0.999,0.952,0.829
v.strong F~1000,0,0.5,0.25,0.1,1000.0,250.0,2.2732514594649263e-05,9.055335669097878e-05,8.273817535460667e-07,0.005321791786739407,0.005360518510198435,0.7277008385695449,0.0053522707000177435,1.001540992719345,0.9943054238123205,-0.00124775883525724,-0.23312700444189108,0.94,0.941,0.948,0.949,0.501
v.strong F~1000,0,1.0,0.5,0.1,1000.0,250.0,2.2732514594649263e-05,0.00014280878839132563,1.0678324706423566e-06,0.0076442600487215675,0.007713789222108873,0.9095605453523836,0.007698750677764661,1.0019533746413747,0.9929221465502874,-0.0023796756850318346,-0.30909894145614486,0.936,0.938,0.949,0.951,0.798
v.strong F~1000,0,-0.5,-0.25,0.1,1000.0,250.0,2.2732514594649263e-05,9.056645933336799e-05,3.46480319353441e-07,0.005322099537025244,0.005305799027698617,-0.3062796780335719,0.005298191370127306,1.0014358970901287,1.0045125147862228,0.0010160748642920325,0.19177768285625704,0.949,0.947,0.949,0.948,0.501
v.strong F~1000,0,-1.0,-0.5,0.1,1000.0,250.0,2.2732514594649263e-05,0.00014283499367610418,1.0602960225713035e-07,0.007644688549161131,0.007637750546556112,-0.09075585696398658,0.007623570180356967,1.0018600689524289,1.0027701415878059,0.0021479917140665994,0.28175666561070756,0.942,0.942,0.95,0.949,0.798
v.strong F~1000,10,0.5,0.25,0.1,1000.0,250.0,2.311504757970509e-05,9.385315025024754e-05,-5.124215000679957e-06,0.005407591835326346,0.005165263009484433,-4.4812706509918865,0.0051568892041373125,1.0016238094354253,1.0486150896916493,-0.0012137820299820412,-0.23537097306807328,0.954,0.943,0.961,0.95,0.496
v.strong F~1000,10,1.0,0.5,0.1,1000.0,250.0,2.311504757970509e-05,0.00014920627353106854,-9.242747404496568e-06,0.007772812615937183,0.007153591304930389,-7.9665024953407215,0.007138850180404877,1.002064915799182,1.088804558088702,-0.002355598570662365,-0.32996890411401913,0.952,0.937,0.967,0.952,0.787
v.strong F~1000,10,-0.5,-0.25,0.1,1000.0,250.0,2.311504757970509e-05,9.187475780540012e-05,3.1128498069532557e-06,0.005361664978929242,0.005214501552670176,-2.744733713079839,0.005205971565866316,1.0016385004597006,1.0299066967794737,0.0010698510513785786,0.20550458984317305,0.952,0.945,0.955,0.952,0.502
v.strong F~1000,10,-1.0,-0.5,0.1,1000.0,250.0,2.311504757970509e-05,0.00014524948864137367,7.231382210769877e-06,0.007708918195184621,0.007224682521002472,-6.281499711394356,0.007209746823570712,1.0020715980459856,1.0692356311295115,0.00221166759205893,0.3067607845574216,0.953,0.937,0.963,0.95,0.798
v.strong F~1000,25,0.5,0.25,0.1,1000.0,250.0,2.3401438998959372e-05,9.443606709086956e-05,-9.706458051552092e-06,0.0054276492630288145,0.004960458395822022,-8.607609750857115,0.004953501694056511,1.0014044008047596,1.0957196743348674,-0.0011678486102457142,-0.23576223091776963,0.965,0.945,0.967,0.949,0.498
v.strong F~1000,25,1.0,0.5,0.1,1000.0,250.0,2.3401438998959372e-05,0.00015143298393187387,-1.9292583025573357e-05,0.00782685664759026,0.006478202062019561,-17.231113923441065,0.006466066521373732,1.0018768041754156,1.210450993926277,-0.0022801442493102786,-0.3526323525706408,0.976,0.935,0.983,0.949,0.786
v.strong F~1000,25,-0.5,-0.25,0.1,1000.0,250.0,2.3401438998959372e-05,9.550828499032692e-05,9.465791896490393e-06,0.005452286767707801,0.004999453475038685,-8.305382896422596,0.004992405289413222,1.0014117815395336,1.092116214857354,0.0010567426678833314,0.2116700481277502,0.964,0.942,0.965,0.946,0.495
v.strong F~1000,25,-1.0,-0.5,0.1,1000.0,250.0,2.3401438998959372e-05,0.0001535774197307886,1.9051916870511654e-05,0.007861030080826337,0.00653788016570699,-16.83176252367501,0.006525632485844647,1.0018768571305403,1.2046387990556355,0.0021690383069478125,0.33238744468875225,0.974,0.934,0.978,0.949,0.781
v.strong F~1000,50,0.5,0.25,0.1,1000.0,250.0,2.397221537634055e-05,9.065256913970123e-05,-1.778785006714629e-05,0.005353148244632353,0.004445477600375161,-16.955828659655015,0.0044411030751917505,1.0009850087037715,1.2053645578584604,-0.0011891179041572941,-0.26775282717480103,0.981,0.946,0.982,0.951,0.514
v.strong F~1000,50,1.0,0.5,0.1,1000.0,250.0,2.397221537634055e-05,0.00014582066514995815,-3.67354721828624e-05,0.007773505107982504,0.004867433562049685,-37.38431383995123,0.004860599298888561,1.0014060536038605,1.5992894353089375,-0.0022644911976691384,-0.46588724114471725,0.996,0.929,0.997,0.952,0.811
v.strong F~1000,50,-0.5,-0.25,0.1,1000.0,250.0,2.397221537634055e-05,9.363447568872974e-05,2.0107394164285927e-05,0.005422330934779578,0.004398633388238284,-18.879289347228077,0.004395340755069619,1.0007491189766955,1.2336542800522168,0.0009616286828663112,0.21878364760619787,0.979,0.943,0.983,0.95,0.506
v.strong F~1000,50,-1.0,-0.5,0.1,1000.0,250.0,2.397221537634055e-05,0.00015178447824801513,3.905501628000201e-05,0.007868820428650303,0.004781560274465055,-39.23409082947887,0.004776680144384029,1.0010216572878055,1.647340870814162,0.0020370019763780722,0.42644722166984267,0.997,0.929,1.0,0.946,0.795
