n_s,F,beta,alpha,dSE_pct,se_naive,se_corr,sd_emp,ratio_naive_over_sd,ratio_corr_over_sd,cov95_naive,cov95_corr,cov95_emp,cov95_corr_centered
0,10,-1.0,0.3,-0.659,0.05526,0.054896,0.038932,1.4194,1.41,0.0907,0.087,0.025,0.9905
0,10,-1.0,0.5,-0.884,0.06352,0.062958,0.052605,1.2075,1.1968,0.2193,0.2117,0.131,0.978
0,10,-1.0,0.7,-0.7,0.070392,0.069899,0.061973,1.1358,1.1279,0.378,0.3738,0.2835,0.9722
0,10,-0.5,0.3,-1.454,0.038057,0.037503,0.030912,1.2311,1.2132,0.3875,0.37,0.2295,0.9798
0,10,-0.5,0.5,-0.325,0.045316,0.045168,0.039644,1.1431,1.1393,0.5545,0.5523,0.4375,0.971
0,10,-0.5,0.7,0.124,0.048894,0.048955,0.044163,1.1071,1.1085,0.636,0.6375,0.549,0.9702
0,10,1.0,0.3,-0.352,0.055472,0.055277,0.038889,1.4264,1.4214,0.0912,0.0892,0.0248,0.9928
0,10,1.0,0.5,2.239,0.064681,0.066129,0.055443,1.1666,1.1927,0.2562,0.272,0.168,0.9755
0,10,1.0,0.7,-0.057,0.070653,0.070613,0.062568,1.1292,1.1286,0.381,0.381,0.287,0.9758
10,10,-1.0,0.3,1.525,0.056149,0.057006,0.039818,1.4101,1.4316,0.097,0.1032,0.0243,0.993
10,10,-1.0,0.5,-2.455,0.064753,0.063163,0.052713,1.2284,1.1983,0.2467,0.2295,0.1385,0.9828
10,10,-1.0,0.7,-3.335,0.070194,0.067853,0.060004,1.1698,1.1308,0.3635,0.3347,0.2475,0.9725
10,10,-0.5,0.3,0.499,0.038714,0.038907,0.031677,1.2222,1.2283,0.4115,0.4178,0.26,0.9838
10,10,-0.5,0.5,-1.19,0.044819,0.044286,0.038912,1.1518,1.1381,0.5615,0.549,0.4343,0.9732
10,10,-0.5,0.7,-3.193,0.049227,0.047655,0.043049,1.1435,1.107,0.6565,0.6278,0.537,0.9685
10,10,1.0,0.3,-0.475,0.054339,0.054081,0.037685,1.4419,1.4351,0.0722,0.0705,0.0155,0.994
10,10,1.0,0.5,-2.485,0.064148,0.062554,0.052077,1.2318,1.2012,0.2335,0.215,0.1295,0.9775
10,10,1.0,0.7,-4.51,0.070509,0.067329,0.059603,1.183,1.1296,0.3675,0.3287,0.244,0.974
25,10,-1.0,0.3,1.131,0.055733,0.056363,0.038939,1.4313,1.4475,0.0877,0.0925,0.0203,0.9948
25,10,-1.0,0.5,-8.448,0.06478,0.059307,0.049383,1.3118,1.201,0.2387,0.1775,0.0975,0.981
25,10,-1.0,0.7,-10.259,0.071191,0.063888,0.056444,1.2613,1.1319,0.3628,0.267,0.198,0.973
25,10,-0.5,0.3,0.622,0.038122,0.038359,0.031314,1.2174,1.225,0.3967,0.4035,0.247,0.981
25,10,-0.5,0.5,-3.336,0.045517,0.043998,0.038746,1.1747,1.1356,0.582,0.5473,0.4412,0.9755
25,10,-0.5,0.7,-5.229,0.049655,0.047058,0.04246,1.1694,1.1083,0.6677,0.6165,0.534,0.9728
25,10,1.0,0.3,-0.603,0.054996,0.054664,0.03786,1.4526,1.4438,0.076,0.0742,0.0163,0.9958
25,10,1.0,0.5,-6.753,0.064487,0.060132,0.050135,1.2863,1.1994,0.2225,0.1772,0.1072,0.9808
25,10,1.0,0.7,-9.101,0.069929,0.063565,0.056054,1.2475,1.134,0.351,0.28,0.208,0.9748
40,10,-1.0,0.3,0.844,0.05475,0.055212,0.038305,1.4293,1.4414,0.0788,0.084,0.0147,0.996
40,10,-1.0,0.5,-11.339,0.062927,0.055791,0.046441,1.355,1.2013,0.197,0.1263,0.0645,0.98
40,10,-1.0,0.7,-16.285,0.071599,0.059939,0.052867,1.3543,1.1338,0.3715,0.2253,0.1595,0.9792
40,10,-0.5,0.3,1.084,0.038238,0.038653,0.031146,1.2277,1.241,0.3972,0.4078,0.247,0.9838
40,10,-0.5,0.5,-5.886,0.046199,0.04348,0.038089,1.2129,1.1415,0.5903,0.537,0.4133,0.9745
40,10,-0.5,0.7,-8.872,0.048987,0.044641,0.040323,1.2148,1.1071,0.661,0.5817,0.501,0.9702
40,10,1.0,0.3,-0.028,0.054459,0.054443,0.037653,1.4463,1.4459,0.0798,0.0798,0.0112,0.9952
40,10,1.0,0.5,-10.957,0.063955,0.056947,0.047313,1.3517,1.2036,0.2082,0.1412,0.0703,0.9822
40,10,1.0,0.7,-16.745,0.070221,0.058463,0.05149,1.3638,1.1354,0.3518,0.2023,0.1363,0.9715
50,10,-1.0,0.3,0.844,0.054924,0.055387,0.037967,1.4466,1.4588,0.0777,0.0808,0.0132,0.9962
50,10,-1.0,0.5,-14.111,0.063948,0.054924,0.045481,1.406,1.2076,0.2097,0.1182,0.0583,0.9802
50,10,-1.0,0.7,-22.469,0.07146,0.055404,0.048807,1.4641,1.1352,0.3558,0.1575,0.104,0.9742
50,10,-0.5,0.3,0.556,0.038326,0.038539,0.031177,1.2293,1.2361,0.413,0.4188,0.2452,0.9872
50,10,-0.5,0.5,-6.632,0.04523,0.04223,0.03716,1.2172,1.1364,0.5623,0.5078,0.4073,0.9742
50,10,-0.5,0.7,-9.6,0.050149,0.045334,0.040855,1.2275,1.1096,0.677,0.5927,0.506,0.9718
50,10,1.0,0.3,2.722,0.055181,0.056683,0.038538,1.4318,1.4708,0.075,0.085,0.0145,0.9955
50,10,1.0,0.5,-16.401,0.064344,0.053791,0.04448,1.4466,1.2093,0.2,0.1017,0.0445,0.983
50,10,1.0,0.7,-21.082,0.069779,0.055068,0.04849,1.439,1.1357,0.3387,0.1608,0.1003,0.9762
0,30,-1.0,0.3,-0.095,0.036769,0.036734,0.032081,1.1461,1.1451,0.3698,0.3693,0.276,0.977
0,30,-1.0,0.5,1.67,0.040528,0.041204,0.038746,1.046,1.0635,0.6368,0.653,0.6022,0.9643
0,30,-1.0,0.7,0.1,0.044674,0.044719,0.04294,1.0404,1.0414,0.7415,0.7422,0.7093,0.9587
0,30,-0.5,0.3,0.403,0.026564,0.026671,0.024728,1.0743,1.0786,0.6873,0.6903,0.6285,0.9665
0,30,-0.5,0.5,0.452,0.029339,0.029472,0.028128,1.043,1.0478,0.8007,0.8025,0.7778,0.9583
0,30,-0.5,0.7,0.029,0.030581,0.03059,0.029494,1.0368,1.0372,0.845,0.8458,0.8273,0.9585
0,30,1.0,0.3,0.404,0.036817,0.036966,0.032445,1.1347,1.1393,0.375,0.3782,0.2895,0.973
0,30,1.0,0.5,-1.576,0.041775,0.041117,0.038676,1.0801,1.0631,0.6498,0.6332,0.5817,0.962
0,30,1.0,0.7,0.074,0.043956,0.043989,0.042189,1.0419,1.0427,0.7282,0.7285,0.7007,0.9615
10,30,-1.0,0.3,-4.417,0.036998,0.035364,0.030998,1.1936,1.1408,0.3658,0.3267,0.2392,0.9748
10,30,-1.0,0.5,-5.401,0.041714,0.039461,0.037151,1.1228,1.0622,0.6663,0.621,0.5665,0.9603
10,30,-1.0,0.7,-4.521,0.043826,0.041844,0.040125,1.0922,1.0428,0.7392,0.707,0.6777,0.9593
10,30,-0.5,0.3,-1.888,0.026217,0.025722,0.023795,1.1018,1.081,0.6577,0.6448,0.583,0.9643
10,30,-0.5,0.5,-2.439,0.02855,0.027854,0.026594,1.0736,1.0474,0.7953,0.7812,0.75,0.9583
10,30,-0.5,0.7,-2.217,0.030228,0.029558,0.028552,1.0587,1.0352,0.8465,0.8347,0.815,0.956
10,30,1.0,0.3,-3.489,0.036541,0.035266,0.030736,1.1889,1.1474,0.3608,0.3332,0.2392,0.9762
10,30,1.0,0.5,-5.011,0.041579,0.039495,0.037109,1.1204,1.0643,0.6538,0.6085,0.5633,0.9603
10,30,1.0,0.7,-6.06,0.04435,0.041662,0.039993,1.1089,1.0417,0.7518,0.7057,0.6765,0.9545
25,30,-1.0,0.3,-8.239,0.036791,0.03376,0.029404,1.2512,1.1481,0.3628,0.287,0.209,0.9732
25,30,-1.0,0.5,-12.879,0.040917,0.035648,0.033585,1.2183,1.0614,0.657,0.5477,0.5012,0.966
25,30,-1.0,0.7,-12.756,0.043957,0.03835,0.036689,1.1981,1.0453,0.767,0.6685,0.6362,0.96
25,30,-0.5,0.3,-6.625,0.026744,0.024972,0.023438,1.141,1.0654,0.689,0.6352,0.5873,0.9637
25,30,-0.5,0.5,-5.934,0.028926,0.02721,0.025974,1.1137,1.0476,0.8113,0.7748,0.746,0.9615
25,30,-0.5,0.7,-6.673,0.029969,0.027969,0.02702,1.1091,1.0351,0.863,0.8293,0.8067,0.9535
25,30,1.0,0.3,-10.03,0.036945,0.033239,0.028972,1.2752,1.1473,0.3675,0.278,0.191,0.9758
25,30,1.0,0.5,-12.197,0.041048,0.036041,0.033858,1.2123,1.0645,0.6552,0.5483,0.5002,0.9653
25,30,1.0,0.7,-12.539,0.043834,0.038338,0.036727,1.1935,1.0439,0.769,0.665,0.63,0.9527
40,30,-1.0,0.3,-13.258,0.036991,0.032086,0.028066,1.318,1.1433,0.3633,0.2442,0.1643,0.9785
40,30,-1.0,0.5,-21.627,0.040648,0.031857,0.029959,1.3568,1.0633,0.6745,0.4445,0.3917,0.9653
40,30,-1.0,0.7,-23.38,0.044888,0.034393,0.032998,1.3603,1.0423,0.8137,0.5925,0.5603,0.9597
40,30,-0.5,0.3,-7.799,0.026428,0.024367,0.022785,1.1599,1.0694,0.6743,0.61,0.5573,0.9655
40,30,-0.5,0.5,-10.939,0.028804,0.025653,0.024582,1.1718,1.0436,0.8243,0.749,0.7215,0.9617
40,30,-0.5,0.7,-11.738,0.030413,0.026843,0.025928,1.173,1.0353,0.88,0.8127,0.7877,0.9595
40,30,1.0,0.3,-13.478,0.037157,0.032149,0.028127,1.321,1.143,0.372,0.2492,0.1802,0.975
40,30,1.0,0.5,-21.836,0.041411,0.032368,0.030466,1.3593,1.0624,0.6775,0.4655,0.416,0.9645
40,30,1.0,0.7,-23.468,0.044075,0.033731,0.032307,1.3642,1.0441,0.793,0.5753,0.541,0.9575
50,30,-1.0,0.3,-18.992,0.037134,0.030082,0.026246,1.4149,1.1462,0.365,0.1832,0.1177,0.9772
50,30,-1.0,0.5,-28.651,0.041523,0.029626,0.027934,1.4865,1.0606,0.7135,0.381,0.3337,0.9617
50,30,-1.0,0.7,-29.304,0.043581,0.03081,0.029525,1.4761,1.0435,0.8025,0.5015,0.466,0.959
50,30,-0.5,0.3,-8.713,0.026131,0.023855,0.022251,1.1744,1.0721,0.6697,0.594,0.5427,0.9625
50,30,-0.5,0.5,-12.796,0.028956,0.025251,0.02422,1.1956,1.0426,0.833,0.7458,0.7167,0.961
50,30,-0.5,0.7,-14.673,0.030569,0.026084,0.025165,1.2147,1.0365,0.8748,0.788,0.7692,0.959
50,30,1.0,0.3,-17.081,0.036876,0.030578,0.026756,1.3782,1.1428,0.358,0.2013,0.1348,0.9748
50,30,1.0,0.5,-28.658,0.04114,0.02935,0.027646,1.4881,1.0616,0.707,0.3738,0.335,0.9627
50,30,1.0,0.7,-29.983,0.044327,0.031036,0.029676,1.4937,1.0458,0.8203,0.5072,0.4758,0.961
0,90,-1.0,0.3,-0.453,0.02333,0.023224,0.022186,1.0515,1.0468,0.7153,0.7117,0.6785,0.9603
0,90,-1.0,0.5,0.17,0.025178,0.025221,0.024713,1.0188,1.0205,0.849,0.8492,0.839,0.957
0,90,-1.0,0.7,-0.214,0.026198,0.026142,0.025785,1.016,1.0138,0.8845,0.8835,0.878,0.955
0,90,-0.5,0.3,-0.776,0.016549,0.016421,0.015966,1.0365,1.0285,0.8393,0.836,0.8233,0.9577
0,90,-0.5,0.5,0.526,0.017637,0.01773,0.017472,1.0094,1.0147,0.8962,0.898,0.894,0.9515
0,90,-0.5,0.7,-0.228,0.018102,0.01806,0.017846,1.0143,1.012,0.9247,0.9237,0.9197,0.9533
0,90,1.0,0.3,-0.688,0.023282,0.023122,0.022122,1.0524,1.0452,0.7298,0.723,0.6893,0.958
0,90,1.0,0.5,0.535,0.025015,0.025148,0.024607,1.0166,1.022,0.8425,0.8442,0.8337,0.9533
0,90,1.0,0.7,-0.381,0.026291,0.026191,0.025812,1.0186,1.0147,0.8792,0.879,0.8732,0.9553
10,90,-1.0,0.3,-5.758,0.023347,0.022003,0.021034,1.11,1.0461,0.7292,0.6817,0.6495,0.9635
10,90,-1.0,0.5,-6.069,0.024899,0.023387,0.022922,1.0862,1.0203,0.8672,0.8327,0.8195,0.9507
10,90,-1.0,0.7,-6.386,0.026611,0.024911,0.024548,1.084,1.0148,0.8922,0.86,0.8542,0.9565
10,90,-0.5,0.3,-3.111,0.016906,0.01638,0.01597,1.0586,1.0257,0.858,0.8413,0.8285,0.9615
10,90,-0.5,0.5,-2.837,0.017759,0.017255,0.017003,1.0445,1.0148,0.9105,0.8955,0.8898,0.9543
10,90,-0.5,0.7,-3.098,0.017825,0.017272,0.017069,1.0443,1.0119,0.9245,0.9145,0.91,0.952
10,90,1.0,0.3,-5.794,0.023462,0.022103,0.021077,1.1132,1.0487,0.7265,0.6807,0.6425,0.9597
10,90,1.0,0.5,-5.279,0.024831,0.02352,0.023028,1.0783,1.0214,0.8582,0.8343,0.8235,0.9553
10,90,1.0,0.7,-6.181,0.026653,0.025005,0.024662,1.0807,1.0139,0.9008,0.8742,0.869,0.9547
25,90,-1.0,0.3,-15.09,0.023498,0.019952,0.019063,1.2327,1.0466,0.757,0.6322,0.5968,0.9577
25,90,-1.0,0.5,-16.417,0.025075,0.020959,0.020541,1.2207,1.0203,0.8908,0.7823,0.769,0.9567
25,90,-1.0,0.7,-16.247,0.02614,0.021893,0.021588,1.2109,1.0142,0.916,0.8403,0.8333,0.9545
25,90,-0.5,0.3,-6.693,0.016676,0.01556,0.015191,1.0977,1.0243,0.8645,0.8263,0.8107,0.9535
25,90,-0.5,0.5,-7.451,0.017461,0.01616,0.015903,1.098,1.0161,0.9173,0.8858,0.8802,0.9493
25,90,-0.5,0.7,-7.137,0.018022,0.016736,0.016552,1.0889,1.0112,0.932,0.912,0.9085,0.955
25,90,1.0,0.3,-14.131,0.022927,0.019687,0.018828,1.2177,1.0456,0.7412,0.6288,0.595,0.962
25,90,1.0,0.5,-15.402,0.024862,0.021033,0.020598,1.207,1.0211,0.8895,0.7937,0.782,0.9553
25,90,1.0,0.7,-14.67,0.026403,0.02253,0.0222,1.1893,1.0149,0.9125,0.848,0.8417,0.9553
40,90,-1.0,0.3,-23.091,0.023257,0.017887,0.017212,1.3512,1.0392,0.7768,0.5505,0.524,0.9565
40,90,-1.0,0.5,-25.711,0.024922,0.018514,0.018142,1.3737,1.0205,0.9153,0.7518,0.736,0.9547
40,90,-1.0,0.7,-24.593,0.026457,0.01995,0.019662,1.3456,1.0147,0.945,0.8273,0.8185,0.9507
40,90,-0.5,0.3,-11.036,0.016662,0.014824,0.014501,1.1491,1.0223,0.8688,0.812,0.8007,0.9533
40,90,-0.5,0.5,-12.987,0.017458,0.015191,0.014992,1.1645,1.0133,0.9247,0.8708,0.8642,0.9505
40,90,-0.5,0.7,-11.759,0.017929,0.015821,0.015642,1.1462,1.0114,0.949,0.9062,0.9028,0.9537
40,90,1.0,0.3,-23.768,0.023262,0.017733,0.017052,1.3642,1.04,0.7843,0.548,0.52,0.9577
40,90,1.0,0.5,-25.896,0.024917,0.018464,0.018088,1.3775,1.0208,0.9217,0.7498,0.7375,0.9515
40,90,1.0,0.7,-24.946,0.02638,0.019799,0.019514,1.3518,1.0146,0.9507,0.822,0.8153,0.9535
50,90,-1.0,0.3,-31.68,0.023284,0.015908,0.015327,1.5192,1.0379,0.7927,0.4442,0.417,0.9593
50,90,-1.0,0.5,-34.376,0.024947,0.016371,0.016067,1.5527,1.0189,0.9417,0.696,0.6825,0.9555
50,90,-1.0,0.7,-32.822,0.026305,0.017671,0.017414,1.5105,1.0147,0.9645,0.7835,0.7732,0.9565
50,90,-0.5,0.3,-15.189,0.01662,0.014096,0.013815,1.2031,1.0203,0.8762,0.786,0.7775,0.9537
50,90,-0.5,0.5,-17.249,0.017586,0.014552,0.014368,1.2239,1.0128,0.9463,0.8755,0.8708,0.9533
50,90,-0.5,0.7,-14.424,0.017741,0.015182,0.015006,1.1823,1.0118,0.9463,0.8978,0.8932,0.9505
50,90,1.0,0.3,-30.699,0.023382,0.016204,0.015598,1.4991,1.0389,0.8055,0.4918,0.457,0.9567
50,90,1.0,0.5,-34.766,0.025299,0.016503,0.016195,1.5622,1.0191,0.9443,0.698,0.6845,0.958
50,90,1.0,0.7,-32.779,0.026354,0.017716,0.017488,1.507,1.013,0.9653,0.7907,0.7837,0.9523
0,1000,-1.0,0.3,-0.363,0.007424,0.007397,0.007365,1.0079,1.0043,0.9307,0.929,0.9283,0.9525
0,1000,-1.0,0.5,0.574,0.00787,0.007915,0.0079,0.9962,1.0019,0.9443,0.9453,0.945,0.948
0,1000,-1.0,0.7,-0.661,0.00804,0.007987,0.007977,1.0079,1.0012,0.9413,0.94,0.9393,0.95
0,1000,-0.5,0.3,-0.015,0.005288,0.005287,0.005276,1.0023,1.0022,0.9453,0.9453,0.9447,0.9533
0,1000,-0.5,0.5,1.317,0.005405,0.005476,0.005467,0.9887,1.0017,0.942,0.9455,0.9453,0.947
0,1000,-0.5,0.7,-0.311,0.005396,0.005379,0.005375,1.0038,1.0007,0.9493,0.949,0.9487,0.9515
0,1000,1.0,0.3,-0.231,0.007364,0.007347,0.00732,1.006,1.0037,0.9345,0.9337,0.9327,0.9487
0,1000,1.0,0.5,0.826,0.007778,0.007842,0.007828,0.9936,1.0018,0.9407,0.9423,0.9415,0.9477
0,1000,1.0,0.7,0.806,0.00813,0.008195,0.008184,0.9933,1.0014,0.9417,0.9433,0.943,0.949
10,1000,-1.0,0.3,-6.494,0.007561,0.00707,0.007043,1.0736,1.0039,0.9425,0.9275,0.9265,0.9495
10,1000,-1.0,0.5,-5.613,0.007802,0.007364,0.007349,1.0616,1.002,0.9527,0.9387,0.9385,0.9525
10,1000,-1.0,0.7,-6.797,0.008024,0.007478,0.007469,1.0742,1.0012,0.9585,0.9425,0.942,0.9507
10,1000,-0.5,0.3,-3.076,0.005388,0.005222,0.00521,1.0341,1.0023,0.9487,0.9405,0.9397,0.9455
10,1000,-0.5,0.5,-3.857,0.005387,0.005179,0.005172,1.0416,1.0015,0.9565,0.9467,0.9467,0.9493
10,1000,-0.5,0.7,-3.449,0.005602,0.005408,0.005403,1.0368,1.001,0.9585,0.9487,0.9485,0.9535
10,1000,1.0,0.3,-5.44,0.007546,0.007135,0.007107,1.0617,1.004,0.9415,0.9263,0.9253,0.9517
10,1000,1.0,0.5,-7.549,0.007819,0.007229,0.007215,1.0836,1.0018,0.9597,0.943,0.9427,0.9517
10,1000,1.0,0.7,-4.601,0.008005,0.007636,0.007629,1.0493,1.001,0.956,0.9463,0.9463,0.953
25,1000,-1.0,0.3,-16.295,0.0074,0.006194,0.006171,1.1992,1.0038,0.9657,0.9157,0.9153,0.9483
25,1000,-1.0,0.5,-15.555,0.007654,0.006463,0.006449,1.1868,1.0022,0.9712,0.9403,0.94,0.948
25,1000,-1.0,0.7,-14.898,0.008086,0.006881,0.006872,1.1767,1.0014,0.9677,0.9417,0.9413,0.9455
25,1000,-0.5,0.3,-6.978,0.005231,0.004866,0.004852,1.0781,1.0029,0.9575,0.9385,0.9377,0.952
25,1000,-0.5,0.5,-7.922,0.005289,0.00487,0.004864,1.0875,1.0013,0.9613,0.946,0.9455,0.9505
25,1000,-0.5,0.7,-7.671,0.005585,0.005157,0.00515,1.0845,1.0013,0.9635,0.944,0.9433,0.9483
25,1000,1.0,0.3,-16.473,0.007441,0.006215,0.006194,1.2014,1.0035,0.9647,0.9173,0.9167,0.949
25,1000,1.0,0.5,-18.164,0.007635,0.006248,0.006235,1.2245,1.0021,0.9722,0.9345,0.9343,0.9453
25,1000,1.0,0.7,-14.795,0.007877,0.006712,0.006704,1.175,1.0012,0.9752,0.9463,0.9463,0.9513
40,1000,-1.0,0.3,-29.468,0.00751,0.005297,0.005277,1.4233,1.0038,0.9835,0.9105,0.9093,0.952
40,1000,-1.0,0.5,-27.626,0.007704,0.005576,0.005568,1.3838,1.0015,0.9865,0.9297,0.929,0.952
40,1000,-1.0,0.7,-25.153,0.00794,0.005943,0.005937,1.3375,1.0011,0.9885,0.9403,0.9403,0.9455
40,1000,-0.5,0.3,-13.34,0.005246,0.004546,0.004538,1.1559,1.0017,0.9643,0.9355,0.9353,0.9465
40,1000,-0.5,0.5,-13.374,0.005435,0.004708,0.004701,1.1562,1.0016,0.9732,0.9425,0.9425,0.9495
40,1000,-0.5,0.7,-12.889,0.005466,0.004761,0.004757,1.1491,1.001,0.971,0.9447,0.9445,0.949
40,1000,1.0,0.3,-30.092,0.007475,0.005226,0.005207,1.4358,1.0037,0.9842,0.9038,0.9028,0.9497
40,1000,1.0,0.5,-28.749,0.007794,0.005553,0.005544,1.4058,1.0017,0.9885,0.9293,0.9293,0.949
40,1000,1.0,0.7,-26.467,0.00791,0.005817,0.005809,1.3618,1.0014,0.9908,0.9403,0.9397,0.9525
50,1000,-1.0,0.3,-39.359,0.007464,0.004526,0.004517,1.6526,1.0021,0.993,0.8908,0.8905,0.9483
50,1000,-1.0,0.5,-38.671,0.0078,0.004784,0.004776,1.6333,1.0017,0.996,0.9267,0.9263,0.9513
50,1000,-1.0,0.7,-34.924,0.007977,0.005191,0.005184,1.5387,1.0013,0.995,0.9363,0.9355,0.946
50,1000,-0.5,0.3,-18.538,0.005348,0.004356,0.004348,1.23,1.002,0.9778,0.9385,0.938,0.9487
50,1000,-0.5,0.5,-16.944,0.005336,0.004432,0.004427,1.2053,1.0011,0.9792,0.9427,0.9425,0.9537
50,1000,-0.5,0.7,-16.522,0.005476,0.004571,0.004565,1.1994,1.0013,0.9805,0.9483,0.948,0.9525
50,1000,1.0,0.3,-40.026,0.00758,0.004546,0.004538,1.6703,1.0017,0.9945,0.8868,0.8868,0.9507
50,1000,1.0,0.5,-38.499,0.007689,0.004729,0.004722,1.6281,1.0013,0.9962,0.92,0.9195,0.9515
50,1000,1.0,0.7,-34.232,0.007991,0.005256,0.005247,1.5229,1.0016,0.9958,0.933,0.932,0.949
